{"Wand12":{"Ifc Material":"Leichtbeton 102890359: 0.24 m","ID":"3jjW3rL656ex34Gws22EfM","Dicke":0.24,"Anzahl der Fenster":0.0,"Volumen":3.412151999999999,"Höhe":2.4999999999999996},"Wand10":{"Ifc Material":"Leichtbeton 102890359: 0.24 m","ID":"2ptk1k7qn8_Qk22vjh$0DE","Dicke":0.24,"Anzahl der Fenster":0.0,"Volumen":2.2259999999999995,"Höhe":2.4999999999999996},"Wand13":{"Ifc Material":"Leichtbeton 102890359: 0.3 m","ID":"3rPX_Juz59peXXY6wDJl18","Dicke":0.29999999999999993,"Anzahl der Fenster":2.0,"Volumen":5.807969999999999,"Höhe":2.7},"Wand8":{"Ifc Material":"Leichtbeton 102890359: 0.3 m","ID":"25fsbPyk15VvuXI$yNKenK","Dicke":0.29999999999999993,"Anzahl der Fenster":2.0,"Volumen":6.416999999999999,"Höhe":2.7},"Wand9":{"Ifc Material":"Leichtbeton 102890359: 0.24 m","ID":"2XPyKWY018sA1ygZKgQPtU","Dicke":0.24,"Anzahl der Fenster":0.0,"Volumen":2.4962399999999993,"Höhe":2.4999999999999996},"Wand4":{"Ifc Material":"Leichtbeton 102890359: 0.3 m","ID":"3VCarUKgH1buLo22Ozxe6J","Dicke":0.29999999999999993,"Anzahl der Fenster":1.0,"Volumen":5.544406029729999,"Höhe":3.4999999999999996},"Wand5":{"Ifc Material":"Leichtbeton 102890359: 0.24 m","ID":"1$wmdwWPjDYuku_ghVkynE","Dicke":0.24,"Anzahl der Fenster":0.0,"Volumen":2.0889618911099994,"Höhe":2.4999999999999996},"Wand6":{"Ifc Material":"Leichtbeton 102890359: 0.3 m","ID":"16DNNqzfP2thtfaOflvsKA","Dicke":0.29999999999999993,"Anzahl der Fenster":2.0,"Volumen":6.604874999999998,"Höhe":2.7},"Wand7":{"Ifc Material":"Leichtbeton 102890359: 0.3 m","ID":"1bzfVsJqn8De5PukCrqylz","Dicke":0.29999999999999993,"Anzahl der Fenster":3.0,"Volumen":7.316999999999998,"Höhe":2.7},"Wand1":{"Ifc Material":"Leichtbeton 102890359: 0.3 m","ID":"0knNIAVBPBFvBy_m5QVHsU","Dicke":0.29999999999999993,"Anzahl der Fenster":1.0,"Volumen":5.544406029729999,"Höhe":3.4999999999999996},"Wand2":{"Ifc Material":"Leichtbeton 102890359: 0.3 m","ID":"25OWQvmXj5BPgyergP43tY","Dicke":0.29999999999999993,"Anzahl der Fenster":0.0,"Volumen":2.0563768405199996,"Höhe":3.4999999999999996},"Wand3":{"Ifc Material":"Leichtbeton 102890359: 0.3 m","ID":"3Ttjr$59XEWfWN1WUHjelZ","Dicke":0.29999999999999993,"Anzahl der Fenster":0.0,"Volumen":2.0563768405199996,"Höhe":3.4999999999999996},"Wand11":{"Ifc Material":"Leichtbeton 102890359: 0.24 m","ID":"3PfS__Y_DBAfq5naM6zD2Z","Dicke":0.24,"Anzahl der Fenster":0.0,"Volumen":2.9093159999999996,"Höhe":2.4999999999999996}}